scenario,year,median,low,high
No interventions,1960.5,0.0,0.0,0.0
No interventions,1961.5,0.0,0.0,0.08821698977814126
No interventions,1962.5,0.3299624103176342,0.2900298980590005,0.4400060618115001
No interventions,1963.5,1.2681514680334942,1.0686968271942185,1.70544245025115
No interventions,1964.5,2.2301766659751454,2.013755110844194,2.3223525026579
No interventions,1965.5,4.37991594115899,4.097650553675232,4.73173248563957
No interventions,1966.5,6.531932673926426,5.412049050561586,6.591995234074022
No interventions,1967.5,9.96439296901807,8.712246293744423,10.617040684976674
No interventions,1968.5,11.801768716148942,11.256062878065395,13.868622219135315
No interventions,1969.5,15.432739139759136,14.953817368420058,16.626851219456906
No interventions,1970.5,17.172765846271986,17.114485319716444,17.493521140751085
No interventions,1971.5,21.204697559105913,20.99542412680772,22.235045465189888
No interventions,1972.5,22.44160839095254,21.52602713773852,22.97358017805522
No interventions,1973.5,25.409707976810434,24.84418121734385,26.532742266145647
No interventions,1974.5,28.250812921744746,27.902485737424268,29.8810396456436
No interventions,1975.5,30.47873595353515,30.000847560309417,32.42537940305564
No interventions,1976.5,36.04837405869895,34.35918426317403,36.118922994501105
No interventions,1977.5,33.44201766351844,31.652222979511464,33.56581804342652
No interventions,1978.5,37.04085891923787,36.9115516823307,38.66737835430018
No interventions,1979.5,36.76947447869554,33.83234888210869,38.55736535241259
No interventions,1980.5,36.179197375495654,35.800039444303636,36.989738040563374
No interventions,1981.5,36.117356920657016,34.367213567648534,36.235939842303154
No interventions,1982.5,39.65203829603395,33.70778746934537,39.78233439918877
No interventions,1983.5,34.20372479255216,33.92873326302671,36.881815191215445
No interventions,1984.5,34.45861016753053,33.70516987758675,35.92350214842098
No interventions,1985.5,34.38723779804329,31.803251977998134,35.30959648594075
No interventions,1986.5,32.15298942627742,31.655479346193005,34.61332365850306
No interventions,1987.5,35.68790981529678,34.899345220601646,35.97431929273429
No interventions,1988.5,34.36939562455631,33.15688556706511,34.47087705755851
No interventions,1989.5,31.250806668866858,30.926026768166487,33.31641831982885
No interventions,1990.5,30.770493035576965,29.800167641172813,32.06113438946843
No interventions,1991.5,31.3429406708599,31.044294986721518,31.67796517720482
No interventions,1992.5,30.12658170550673,28.95843041404622,30.717399779398434
No interventions,1993.5,29.52927375979919,26.835125124545065,29.91669640085082
No interventions,1994.5,27.001754308274798,26.39307265704484,28.181963537111987
No interventions,1995.5,29.264718803027975,27.085230991935937,29.708291653423835
No interventions,1996.5,27.261680003519082,26.609469859541797,29.891433904624662
No interventions,1997.5,26.394022965738664,26.314661548919045,27.499105181859434
No interventions,1998.5,27.592225543043035,27.42413118025254,27.846242577663666
No interventions,1999.5,23.203511424580512,22.852165449141097,26.451961785944267
No interventions,2000.5,23.876204657859695,23.653631851869395,25.370769512118883
No interventions,2001.5,23.545476023904886,23.158308952278464,23.62493907883052
No interventions,2002.5,23.33235119130888,22.297273459977077,24.521267560673312
No interventions,2003.5,21.73159077353472,21.501321819011864,23.5262700198055
No interventions,2004.5,22.74887099619146,21.722413760114122,23.417868203398722
No interventions,2005.5,21.494927909990693,20.291527008207126,21.80585138982708
No interventions,2006.5,19.725452171866607,19.695207107290546,20.808354512453615
No interventions,2007.5,20.030352767707168,19.139849163266607,22.25730331914741
No interventions,2008.5,19.93229285425801,19.084914346816042,19.963206593472663
No interventions,2009.5,18.828399486884834,18.21722572405442,20.00449745530947
No interventions,2010.5,19.413029722270206,18.644076834770907,22.116030486868663
No interventions,2011.5,19.614474884849525,19.302184627623596,20.80084689373066
No interventions,2012.5,18.227802158170668,17.131603467111113,20.249225602500555
No interventions,2013.5,17.918453472894118,16.18023228578591,18.71640879147389
No interventions,2014.5,16.659025615269904,16.556073578165382,17.27294325625014
No interventions,2015.5,17.159030275565428,16.81270221083062,18.393677218371963
No interventions,2016.5,18.364326573978712,16.428643325236497,18.425627856967317
No interventions,2017.5,17.94913031002413,14.628260905697243,19.090246184718193
No interventions,2018.5,16.694368087405856,16.232327738124976,18.170112487519887
No interventions,2019.5,17.323808632897922,15.168633579400764,18.5719331626095
No interventions,2020.5,17.040185637045536,15.44951738120615,18.77236763156383
No interventions,2021.5,16.336121968894833,15.1370312350428,17.13156579877624
No interventions,2022.5,16.914873641047418,14.556114219487108,17.552396815023474
No interventions,2023.5,16.572492712690547,15.43419463414746,16.805944670994265
No interventions,2024.5,17.38888674339278,16.527309925083564,18.301954688566248
No interventions,2025.5,14.939645750178396,14.217199549083261,17.094371650436983
No interventions,2026.5,15.870321843107464,13.950200340835362,17.44967301597676
No interventions,2027.5,15.725013060870543,14.44108667101002,15.827458395826625
No interventions,2028.5,16.175943577506168,15.745857384111378,18.217508600352737
No interventions,2029.5,17.176829095484287,14.881941123611002,17.89850637828141
No interventions,2030.5,16.064040317013507,13.842445032470687,16.437933919725257
No interventions,2031.5,16.119191174868934,13.86742907663082,17.683627142830876
No interventions,2032.5,15.666297650081903,14.391329972134862,16.88455300012313
No interventions,2033.5,16.104223401642884,14.7237723895657,16.93948783798721
No interventions,2034.5,15.492830825485365,13.757448374096551,16.660170302278676
No interventions,2035.5,16.151053791725218,13.133956055959171,17.493072869746157
No interventions,2036.5,15.615320132558312,14.358468648554618,17.147804854202406
No interventions,2037.5,14.911116139585005,14.211066086089563,17.279389974360356
No interventions,2038.5,15.872460672507945,14.092020114340059,17.29976378439302
No interventions,2039.5,15.22249415923066,14.300050440504673,16.809992371908805
No interventions,2040.5,16.79215942074073,14.863710499708336,17.97645446744501
No interventions,2041.5,15.604797648635468,14.678895704622729,18.250330450343615
No interventions,2042.5,16.173739965526742,13.728926110735967,17.897217180101254
No interventions,2043.5,16.97395404657157,14.952715420252249,18.402325925080085
No interventions,2044.5,16.623587806694818,14.398614550717095,18.1490929076278
No interventions,2045.5,16.544226252030782,15.101959115788754,18.4076022038376
No interventions,2046.5,16.649238931325062,14.746061538755908,19.281866749347866
No interventions,2047.5,17.008435429615755,15.165513990377566,19.19473815384926
No interventions,2048.5,17.60862616419989,15.618498286884776,20.08353672543524
No interventions,2049.5,18.39227841063323,15.597870234467848,19.71586940806446
No interventions,2050.5,16.625665928998465,15.73896281055921,20.70188342758447
No interventions,2051.5,18.36649865533194,15.709757851432954,20.658954308603448
No interventions,2052.5,18.415439745004896,16.635237795152353,20.1995709120122
No interventions,2053.5,18.530185827104777,17.028631449371655,20.311595799401644
No interventions,2054.5,19.315198500973473,17.39439335341497,21.04198778434339
No interventions,2055.5,18.873731095227082,17.271068619403096,22.34456656417097
No interventions,2056.5,20.480485458939356,18.156889729076294,22.0174123129292
No interventions,2057.5,20.493835795978534,18.435663035520463,21.472243563069593
No interventions,2058.5,19.218212363591178,18.275344526616088,21.76648704688213
No interventions,2059.5,19.915044315622957,18.72628431756731,21.650978098958902
No interventions,2060.5,20.971436462286096,18.972475866054545,22.972016396440353
No interventions,2061.5,22.59938260971734,20.41035924864094,23.37478200550254
No interventions,2062.5,21.909104317492222,20.021497348170648,23.178298052359647
No interventions,2063.5,23.978849163511594,20.861256491329357,24.49630032778084
No interventions,2064.5,23.68020660235689,21.789814990290864,24.88030689913764
No interventions,2065.5,23.47350169081985,21.861711433678963,24.58837919791027
No interventions,2066.5,24.606045909685108,22.87975773746275,25.548710326533055
No interventions,2067.5,25.333168127779636,23.122624659581767,26.319780204241532
No interventions,2068.5,26.771812274468893,23.93705291308021,26.781250151984548
No interventions,2069.5,27.181806619913793,24.25459175343253,27.3735350273649
No interventions,2070.5,27.015642981789142,25.901758753711174,27.487864059227995
No interventions,2071.5,27.519020179687022,25.99054940577514,28.167869235013992
No interventions,2072.5,27.589179748444806,26.15143572961384,28.22647036172797
No interventions,2073.5,28.314519218166126,27.811350775087064,28.62554306738254
No interventions,2074.5,28.845068491368586,27.605999312645352,29.5420741901075
No interventions,2075.5,29.515880091087435,28.019898322093386,30.344580479473965
No interventions,2076.5,29.722038944925735,28.547026426782494,30.00670120145163
No interventions,2077.5,30.30431093751547,30.300740945932958,31.133681103783328
No interventions,2078.5,31.528438940284527,30.10875483226602,32.09059036501572
No interventions,2079.5,31.30277646745783,29.26708082558989,31.75328725989883
No interventions,2080.5,32.77248562307928,31.447012111985977,33.278095217290804
No interventions,2081.5,33.42000361110827,31.339554666467066,33.91699763493017
No interventions,2082.5,33.34375259691035,32.05084437734065,33.71682435087537
No interventions,2083.5,33.774245228636076,32.70423079933393,34.99983923558788
No interventions,2084.5,34.3443737293628,33.26682640369217,34.39384466961608
No interventions,2085.5,34.80199262365448,32.58235154452308,35.42916476906207
No interventions,2086.5,34.808085856870505,33.3414645758372,35.5711488470786
No interventions,2087.5,34.492404291105096,33.583422539930936,35.43721139146547
No interventions,2088.5,35.25904598841812,34.39001484378892,35.92565011835029
No interventions,2089.5,35.51170328461606,35.38737472771657,36.09326864325756
No interventions,2090.5,36.895057647980906,35.323716279102086,37.155059245527426
No interventions,2091.5,36.08312214818257,34.83354544182967,36.82467241332783
No interventions,2092.5,36.661550676838445,35.755271340016805,36.704496483082245
No interventions,2093.5,37.136901208993564,36.107760861857564,37.62034359760071
No interventions,2094.5,35.86776439370158,35.305978751744725,37.627504859304246
No interventions,2095.5,37.16025968197553,36.48779585187556,38.99304289748395
No interventions,2096.5,38.56845089912223,36.2443344285262,38.943128635888456
No interventions,2097.5,37.56146660181824,36.39706461241132,38.51425204884495
No interventions,2098.5,38.41021939035882,36.94120442177656,38.63873304847883
No interventions,2099.5,37.81004421763074,36.4980227595229,38.85595407795709
No interventions,2100.5,37.87727383835095,37.772707859100706,37.95081519618196
Status quo,1960.5,0.0,0.0,0.0
Status quo,1961.5,0.0,0.0,0.08821698977814126
Status quo,1962.5,0.3299624103176342,0.2900298980590005,0.4400060618115001
Status quo,1963.5,1.2681514680334942,1.0686968271942185,1.70544245025115
Status quo,1964.5,2.2301766659751454,2.013755110844194,2.3223525026579
Status quo,1965.5,4.37991594115899,4.097650553675232,4.73173248563957
Status quo,1966.5,6.531932673926426,5.412049050561586,6.591995234074022
Status quo,1967.5,9.96439296901807,8.712246293744423,10.617040684976674
Status quo,1968.5,11.801768716148942,11.256062878065395,13.868622219135315
Status quo,1969.5,15.432739139759136,14.953817368420058,16.626851219456906
Status quo,1970.5,17.172765846271986,17.114485319716444,17.493521140751085
Status quo,1971.5,21.204697559105913,20.99542412680772,22.235045465189888
Status quo,1972.5,22.44160839095254,21.52602713773852,22.97358017805522
Status quo,1973.5,25.409707976810434,24.84418121734385,26.532742266145647
Status quo,1974.5,28.250812921744746,27.902485737424268,29.8810396456436
Status quo,1975.5,30.47873595353515,30.000847560309417,32.42537940305564
Status quo,1976.5,36.04837405869895,34.35918426317403,36.118922994501105
Status quo,1977.5,33.44201766351844,31.652222979511464,33.56581804342652
Status quo,1978.5,37.04085891923787,36.9115516823307,38.66737835430018
Status quo,1979.5,36.76947447869554,33.83234888210869,38.55736535241259
Status quo,1980.5,36.179197375495654,35.800039444303636,36.989738040563374
Status quo,1981.5,36.117356920657016,34.367213567648534,36.235939842303154
Status quo,1982.5,39.65203829603395,33.70778746934537,39.78233439918877
Status quo,1983.5,34.20372479255216,33.92873326302671,36.881815191215445
Status quo,1984.5,34.45861016753053,33.70516987758675,35.92350214842098
Status quo,1985.5,34.38723779804329,31.803251977998134,35.30959648594075
Status quo,1986.5,32.15298942627742,31.655479346193005,34.61332365850306
Status quo,1987.5,35.68790981529678,34.899345220601646,35.97431929273429
Status quo,1988.5,34.36939562455631,33.15688556706511,34.47087705755851
Status quo,1989.5,31.250806668866858,30.926026768166487,33.31641831982885
Status quo,1990.5,30.770493035576965,29.800167641172813,32.06113438946843
Status quo,1991.5,31.3429406708599,31.044294986721518,31.67796517720482
Status quo,1992.5,30.12658170550673,28.95843041404622,30.717399779398434
Status quo,1993.5,29.52927375979919,26.835125124545065,29.91669640085082
Status quo,1994.5,27.001754308274798,26.39307265704484,28.181963537111987
Status quo,1995.5,29.264718803027975,27.085230991935937,29.708291653423835
Status quo,1996.5,27.261680003519082,26.609469859541797,29.891433904624662
Status quo,1997.5,26.394022965738664,26.314661548919045,27.499105181859434
Status quo,1998.5,27.592225543043035,27.42413118025254,27.846242577663666
Status quo,1999.5,23.203511424580512,22.852165449141097,26.451961785944267
Status quo,2000.5,23.876204657859695,23.653631851869395,25.370769512118883
Status quo,2001.5,23.545476023904886,23.158308952278464,23.62493907883052
Status quo,2002.5,23.33235119130888,22.297273459977077,24.521267560673312
Status quo,2003.5,21.73159077353472,21.501321819011864,23.5262700198055
Status quo,2004.5,22.74887099619146,21.722413760114122,23.417868203398722
Status quo,2005.5,21.494927909990693,20.291527008207126,21.80585138982708
Status quo,2006.5,19.725452171866607,19.695207107290546,20.808354512453615
Status quo,2007.5,20.030352767707168,19.139849163266607,22.25730331914741
Status quo,2008.5,19.93229285425801,19.084914346816042,19.963206593472663
Status quo,2009.5,18.828399486884834,18.21722572405442,20.00449745530947
Status quo,2010.5,19.413029722270206,18.644076834770907,22.116030486868663
Status quo,2011.5,19.614474884849525,19.302184627623596,20.80084689373066
Status quo,2012.5,18.227802158170668,17.131603467111113,20.249225602500555
Status quo,2013.5,17.918453472894118,16.18023228578591,18.71640879147389
Status quo,2014.5,16.659025615269904,16.556073578165382,17.27294325625014
Status quo,2015.5,17.159030275565428,16.81270221083062,18.393677218371963
Status quo,2016.5,18.364326573978712,16.428643325236497,18.425627856967317
Status quo,2017.5,17.94913031002413,14.628260905697243,19.090246184718193
Status quo,2018.5,16.694368087405856,16.232327738124976,18.170112487519887
Status quo,2019.5,17.323808632897922,15.168633579400764,18.5719331626095
Status quo,2020.5,17.040188813528903,15.449518016502822,18.772368266860507
Status quo,2021.5,16.33614343040415,15.11699779262701,17.131566680139667
Status quo,2022.5,16.860230545843418,14.545167289556233,17.447136131181185
Status quo,2023.5,16.484351678946126,15.353006012658877,16.722218399074784
Status quo,2024.5,17.3368719629368,16.46569340114544,18.13722820170829
Status quo,2025.5,14.850449716938474,14.161168630045859,16.971544384413253
Status quo,2026.5,15.695633488817242,13.787759954891992,17.32202827501179
Status quo,2027.5,15.608377746129051,14.222226293618373,15.701825006790958
Status quo,2028.5,16.07566257838772,15.582543285994323,17.90559616648627
Status quo,2029.5,16.981941259481708,14.825489505779716,17.681827526429892
Status quo,2030.5,15.574389060430693,13.643802672636207,16.276434400598585
Status quo,2031.5,15.885475069935392,13.762083729821988,17.308529198717284
Status quo,2032.5,15.199556975789637,13.879818881533401,16.371361044056563
Status quo,2033.5,15.104555634822589,14.487160672489393,16.509901822641133
Status quo,2034.5,15.363443804307398,13.866382238729287,16.088496389484728
Status quo,2035.5,15.646711809521834,12.651749567056743,17.190976072854472
Status quo,2036.5,15.173049642620592,14.21456125648434,16.500968351320996
Status quo,2037.5,14.164651135926828,13.69398806133108,16.26165887035309
Status quo,2038.5,15.149512582918142,13.48836745063291,16.94270313706493
Status quo,2039.5,13.733240991099436,13.623064319150895,16.402061869080782
Status quo,2040.5,14.870696366348682,13.50730949167715,15.92584173290508
Status quo,2041.5,14.409045645302486,13.277247090748881,17.358177084426337
Status quo,2042.5,13.73937722807906,12.984226656947685,15.79107009723262
Status quo,2043.5,13.89759308554073,13.692610948806866,16.454081470047438
Status quo,2044.5,13.82350180012274,12.586605139422668,16.031880944533203
Status quo,2045.5,13.276039958974378,13.13232221713564,15.592964504575681
Status quo,2046.5,13.196539890884122,13.107433714056656,15.454302360272427
Status quo,2047.5,13.158486475578435,12.475842242414414,15.035728886404298
Status quo,2048.5,12.323192884454652,12.076339684737142,14.877902662459714
Status quo,2049.5,12.352737829460818,12.014139419158026,15.556366919204441
Status quo,2050.5,11.370296198138295,11.204575072550586,14.233586050047535
Status quo,2051.5,11.124874890568602,10.982817666219702,13.653540118610437
Status quo,2052.5,11.388526007548716,11.375818842761475,13.851693029485496
Status quo,2053.5,10.97573931809933,10.931523945482082,12.890835072594188
Status quo,2054.5,11.36311168285028,10.125724154814742,13.245795635480649
Status quo,2055.5,10.79435237353904,9.923904298438885,13.031758131962189
Status quo,2056.5,10.27628379446185,9.522850661725364,12.190389927235442
Status quo,2057.5,10.450352897896142,9.447890586898488,12.079032788827167
Status quo,2058.5,10.392613614112559,9.207509129650502,11.267443114234606
Status quo,2059.5,9.912050245817486,9.07178572618503,10.946274679906367
Status quo,2060.5,9.442661427281314,8.946850524408896,11.528566552480015
Status quo,2061.5,8.901781449831486,8.877047531748781,10.466185745929513
Status quo,2062.5,9.621450314357578,8.224038927015375,10.647049137507683
Status quo,2063.5,9.072347575654605,8.201754521786759,10.035741219962324
Status quo,2064.5,8.46220588971276,8.021092862287324,9.415731415021911
Status quo,2065.5,8.729910286267897,7.839429923882637,8.970202651164541
Status quo,2066.5,9.46398615268221,7.634739836044217,9.691208411619488
Status quo,2067.5,8.74371424566718,7.37001100921551,9.228351681772699
Status quo,2068.5,8.096422833499508,7.507386884503668,8.368550285361378
Status quo,2069.5,8.290817267513884,6.991168200364324,8.601179843487671
Status quo,2070.5,8.377880643197262,7.156753290372851,8.398265975914228
Status quo,2071.5,8.31099443270741,6.541639021747014,9.223080352093081
Status quo,2072.5,7.861871368808059,6.790767284999421,8.048376417344148
Status quo,2073.5,7.560058012018557,6.899952185500738,8.349859969678619
Status quo,2074.5,7.599394440090852,6.881881543550498,8.208899936223427
Status quo,2075.5,7.496261265599376,6.456470369910732,8.478046009061742
Status quo,2076.5,7.882679456027604,6.911329056350653,8.160709772545186
Status quo,2077.5,7.589371935295047,6.662207670872159,8.098926527640353
Status quo,2078.5,7.376453693029422,6.601791753502641,8.562998841150225
Status quo,2079.5,7.297784135887372,6.289160150312177,8.254985936117201
Status quo,2080.5,7.602511324189905,6.742803588715273,8.645097097863367
Status quo,2081.5,7.631502853069025,6.969691654052633,8.35186474278436
Status quo,2082.5,7.530699516777789,7.309206190375057,8.487410082889829
Status quo,2083.5,7.513006234595626,7.025003167593467,8.525055521359274
Status quo,2084.5,7.268503165688359,6.6261596212908085,8.794743874740723
Status quo,2085.5,7.709138260351496,7.288568395172131,9.029893909501917
Status quo,2086.5,8.155080192854257,7.706438573052538,8.76847221564036
Status quo,2087.5,7.603090736733662,7.121164411762793,8.9008536605816
Status quo,2088.5,8.139835916027206,7.633227216942102,9.214626046777004
Status quo,2089.5,8.24950716831656,8.043068916580337,9.285658198073092
Status quo,2090.5,8.12969188799641,8.123083704860456,9.348160638473509
Status quo,2091.5,8.666895827616912,8.492360711160876,9.341278154798646
Status quo,2092.5,8.788815716917311,8.783102675308177,10.10151798562226
Status quo,2093.5,8.853583125390767,8.426718582982822,10.68087753437684
Status quo,2094.5,8.93227151335671,8.753200062417779,10.114134235453163
Status quo,2095.5,9.814360367514153,9.382876332678967,10.298154440017072
Status quo,2096.5,9.997307584596108,9.717151335609747,10.860437825636605
Status quo,2097.5,9.992119793298869,9.07025297805246,10.531143987281585
Status quo,2098.5,10.015945252544812,10.007838602894138,10.796305952997718
Status quo,2099.5,10.64676935161263,10.460229039351587,11.50914687453351
Status quo,2100.5,11.172050272702824,10.96313155137504,11.754286398906462
WHO 90-70-90 by 2030,1960.5,0.0,0.0,0.0
WHO 90-70-90 by 2030,1961.5,0.0,0.0,0.08821698977814126
WHO 90-70-90 by 2030,1962.5,0.3299624103176342,0.2900298980590005,0.4400060618115001
WHO 90-70-90 by 2030,1963.5,1.2681514680334942,1.0686968271942185,1.70544245025115
WHO 90-70-90 by 2030,1964.5,2.2301766659751454,2.013755110844194,2.3223525026579
WHO 90-70-90 by 2030,1965.5,4.37991594115899,4.097650553675232,4.73173248563957
WHO 90-70-90 by 2030,1966.5,6.531932673926426,5.412049050561586,6.591995234074022
WHO 90-70-90 by 2030,1967.5,9.96439296901807,8.712246293744423,10.617040684976674
WHO 90-70-90 by 2030,1968.5,11.801768716148942,11.256062878065395,13.868622219135315
WHO 90-70-90 by 2030,1969.5,15.432739139759136,14.953817368420058,16.626851219456906
WHO 90-70-90 by 2030,1970.5,17.172765846271986,17.114485319716444,17.493521140751085
WHO 90-70-90 by 2030,1971.5,21.204697559105913,20.99542412680772,22.235045465189888
WHO 90-70-90 by 2030,1972.5,22.44160839095254,21.52602713773852,22.97358017805522
WHO 90-70-90 by 2030,1973.5,25.409707976810434,24.84418121734385,26.532742266145647
WHO 90-70-90 by 2030,1974.5,28.250812921744746,27.902485737424268,29.8810396456436
WHO 90-70-90 by 2030,1975.5,30.47873595353515,30.000847560309417,32.42537940305564
WHO 90-70-90 by 2030,1976.5,36.04837405869895,34.35918426317403,36.118922994501105
WHO 90-70-90 by 2030,1977.5,33.44201766351844,31.652222979511464,33.56581804342652
WHO 90-70-90 by 2030,1978.5,37.04085891923787,36.9115516823307,38.66737835430018
WHO 90-70-90 by 2030,1979.5,36.76947447869554,33.83234888210869,38.55736535241259
WHO 90-70-90 by 2030,1980.5,36.179197375495654,35.800039444303636,36.989738040563374
WHO 90-70-90 by 2030,1981.5,36.117356920657016,34.367213567648534,36.235939842303154
WHO 90-70-90 by 2030,1982.5,39.65203829603395,33.70778746934537,39.78233439918877
WHO 90-70-90 by 2030,1983.5,34.20372479255216,33.92873326302671,36.881815191215445
WHO 90-70-90 by 2030,1984.5,34.45861016753053,33.70516987758675,35.92350214842098
WHO 90-70-90 by 2030,1985.5,34.38723779804329,31.803251977998134,35.30959648594075
WHO 90-70-90 by 2030,1986.5,32.15298942627742,31.655479346193005,34.61332365850306
WHO 90-70-90 by 2030,1987.5,35.68790981529678,34.899345220601646,35.97431929273429
WHO 90-70-90 by 2030,1988.5,34.36939562455631,33.15688556706511,34.47087705755851
WHO 90-70-90 by 2030,1989.5,31.250806668866858,30.926026768166487,33.31641831982885
WHO 90-70-90 by 2030,1990.5,30.770493035576965,29.800167641172813,32.06113438946843
WHO 90-70-90 by 2030,1991.5,31.3429406708599,31.044294986721518,31.67796517720482
WHO 90-70-90 by 2030,1992.5,30.12658170550673,28.95843041404622,30.717399779398434
WHO 90-70-90 by 2030,1993.5,29.52927375979919,26.835125124545065,29.91669640085082
WHO 90-70-90 by 2030,1994.5,27.001754308274798,26.39307265704484,28.181963537111987
WHO 90-70-90 by 2030,1995.5,29.264718803027975,27.085230991935937,29.708291653423835
WHO 90-70-90 by 2030,1996.5,27.261680003519082,26.609469859541797,29.891433904624662
WHO 90-70-90 by 2030,1997.5,26.394022965738664,26.314661548919045,27.499105181859434
WHO 90-70-90 by 2030,1998.5,27.592225543043035,27.42413118025254,27.846242577663666
WHO 90-70-90 by 2030,1999.5,23.203511424580512,22.852165449141097,26.451961785944267
WHO 90-70-90 by 2030,2000.5,23.876204657859695,23.653631851869395,25.370769512118883
WHO 90-70-90 by 2030,2001.5,23.545476023904886,23.158308952278464,23.62493907883052
WHO 90-70-90 by 2030,2002.5,23.33235119130888,22.297273459977077,24.521267560673312
WHO 90-70-90 by 2030,2003.5,21.73159077353472,21.501321819011864,23.5262700198055
WHO 90-70-90 by 2030,2004.5,22.74887099619146,21.722413760114122,23.417868203398722
WHO 90-70-90 by 2030,2005.5,21.494927909990693,20.291527008207126,21.80585138982708
WHO 90-70-90 by 2030,2006.5,19.725452171866607,19.695207107290546,20.808354512453615
WHO 90-70-90 by 2030,2007.5,20.030352767707168,19.139849163266607,22.25730331914741
WHO 90-70-90 by 2030,2008.5,19.93229285425801,19.084914346816042,19.963206593472663
WHO 90-70-90 by 2030,2009.5,18.828399486884834,18.21722572405442,20.00449745530947
WHO 90-70-90 by 2030,2010.5,19.413029722270206,18.644076834770907,22.116030486868663
WHO 90-70-90 by 2030,2011.5,19.614474884849525,19.302184627623596,20.80084689373066
WHO 90-70-90 by 2030,2012.5,18.227802158170668,17.131603467111113,20.249225602500555
WHO 90-70-90 by 2030,2013.5,17.918453472894118,16.18023228578591,18.71640879147389
WHO 90-70-90 by 2030,2014.5,16.659025615269904,16.556073578165382,17.27294325625014
WHO 90-70-90 by 2030,2015.5,17.159030275565428,16.81270221083062,18.393677218371963
WHO 90-70-90 by 2030,2016.5,18.364326573978712,16.428643325236497,18.425627856967317
WHO 90-70-90 by 2030,2017.5,17.94913031002413,14.628260905697243,19.090246184718193
WHO 90-70-90 by 2030,2018.5,16.694368087405856,16.232327738124976,18.170112487519887
WHO 90-70-90 by 2030,2019.5,17.323808632897922,15.168633579400764,18.5719331626095
WHO 90-70-90 by 2030,2020.5,17.040188813528903,15.449518016502822,18.772368266860507
WHO 90-70-90 by 2030,2021.5,16.33614343040415,15.11699779262701,17.131566680139667
WHO 90-70-90 by 2030,2022.5,16.860230545843418,14.545167289556233,17.447136131181185
WHO 90-70-90 by 2030,2023.5,16.484351678946126,15.353006012658877,16.722218399074784
WHO 90-70-90 by 2030,2024.5,17.3368719629368,16.46569340114544,18.13722820170829
WHO 90-70-90 by 2030,2025.5,14.850453758566562,14.161169438371477,16.97154299475481
WHO 90-70-90 by 2030,2026.5,15.695197692836857,13.787675637966654,17.30138898879154
WHO 90-70-90 by 2030,2027.5,15.58308875768261,14.240816551128141,15.660088735755108
WHO 90-70-90 by 2030,2028.5,15.909699984458264,15.461812711842278,17.70560731621895
WHO 90-70-90 by 2030,2029.5,16.750318068098785,14.493052837351378,17.35428361250983
WHO 90-70-90 by 2030,2030.5,15.235813087704013,13.250501576074209,15.916172171422268
WHO 90-70-90 by 2030,2031.5,15.536239514204555,12.939625589499716,16.903853128617413
WHO 90-70-90 by 2030,2032.5,14.584362216772345,12.933428887908425,15.46724018980915
WHO 90-70-90 by 2030,2033.5,13.578143369146343,13.225678082898845,15.057574841686233
WHO 90-70-90 by 2030,2034.5,13.327502933567166,12.323030372448171,14.588274317947935
WHO 90-70-90 by 2030,2035.5,14.211638082140015,11.229207784098927,15.191091408490086
WHO 90-70-90 by 2030,2036.5,12.763821526278189,12.346773704209713,14.49808581652697
WHO 90-70-90 by 2030,2037.5,12.034626947364428,11.520198683659283,13.890055654949172
WHO 90-70-90 by 2030,2038.5,12.705865823493259,11.18906963641672,14.681621425719776
WHO 90-70-90 by 2030,2039.5,11.678869581540711,11.299113190540544,13.479881135982545
WHO 90-70-90 by 2030,2040.5,11.83175866360422,11.049711133016308,13.181458942462774
WHO 90-70-90 by 2030,2041.5,11.770171751140708,11.455722550797475,13.760239309105861
WHO 90-70-90 by 2030,2042.5,11.170144189868058,9.873478688775208,13.395572679980784
WHO 90-70-90 by 2030,2043.5,11.211280675875393,10.34242780604492,12.539586557718794
WHO 90-70-90 by 2030,2044.5,10.917472582436123,9.809491606451509,11.919744268179642
WHO 90-70-90 by 2030,2045.5,10.315148773609613,9.744335230948858,11.680381158704062
WHO 90-70-90 by 2030,2046.5,9.705214861350099,9.327767179284836,11.441080699820457
WHO 90-70-90 by 2030,2047.5,9.575567740273152,8.96301572911295,10.191739229850398
WHO 90-70-90 by 2030,2048.5,9.19584408876134,8.685408874487731,10.350481399227762
WHO 90-70-90 by 2030,2049.5,8.857924179384458,8.464738664498611,9.971646748282906
WHO 90-70-90 by 2030,2050.5,8.152433477927167,7.677606818117933,9.247186825631376
WHO 90-70-90 by 2030,2051.5,8.887781688788309,7.472554094862199,9.197112320555307
WHO 90-70-90 by 2030,2052.5,8.04090101610043,7.282067265950644,8.633812972114809
WHO 90-70-90 by 2030,2053.5,8.418665098740004,7.693126876325498,8.53543185656376
WHO 90-70-90 by 2030,2054.5,7.322924508531036,6.9974128852071935,8.000997965983045
WHO 90-70-90 by 2030,2055.5,6.857550116441427,6.752494675162053,7.5915804643707725
WHO 90-70-90 by 2030,2056.5,6.7409025817825,6.400313940230902,7.762484428522951
WHO 90-70-90 by 2030,2057.5,5.956450739821531,5.942174498143329,7.169555617218618
WHO 90-70-90 by 2030,2058.5,6.481407514461938,6.226050418891512,6.775889392968519
WHO 90-70-90 by 2030,2059.5,5.756113316094958,5.733145825471538,6.525105603331597
WHO 90-70-90 by 2030,2060.5,6.08071284586804,5.352275074204566,6.158204969185048
WHO 90-70-90 by 2030,2061.5,5.47903718510185,4.7529848797362915,5.902862701821424
WHO 90-70-90 by 2030,2062.5,5.3527606795346205,5.1241199857155335,5.620267283784793
WHO 90-70-90 by 2030,2063.5,5.266427122567043,5.075237815548838,5.821995846187955
WHO 90-70-90 by 2030,2064.5,4.945736965954307,4.878649629606993,5.113963576397713
WHO 90-70-90 by 2030,2065.5,4.8499006668196305,4.710427359601705,5.132958392196136
WHO 90-70-90 by 2030,2066.5,4.832556151615934,4.702708880714661,5.233423252065971
WHO 90-70-90 by 2030,2067.5,4.646809785941459,4.5325888644223715,4.824610182999993
WHO 90-70-90 by 2030,2068.5,4.378747015141318,4.203701654643963,4.722128954114017
WHO 90-70-90 by 2030,2069.5,4.2487703697991375,4.1747223407597644,4.2892828084637555
WHO 90-70-90 by 2030,2070.5,4.333432990517842,3.9654324540206742,4.575112506866264
WHO 90-70-90 by 2030,2071.5,4.00682062977477,4.00362569704736,4.131531035141615
WHO 90-70-90 by 2030,2072.5,4.211891660327979,4.07104717013795,4.411903517448652
WHO 90-70-90 by 2030,2073.5,4.006222508586662,3.9862194587970214,4.094152997932185
WHO 90-70-90 by 2030,2074.5,4.027968510703096,3.754916700831762,4.102778204154317
WHO 90-70-90 by 2030,2075.5,4.072141350480506,3.801193708781688,4.129390745292381
WHO 90-70-90 by 2030,2076.5,3.8406960275354676,3.7688920083560524,3.8745906700465653
WHO 90-70-90 by 2030,2077.5,3.9028250433196607,3.8212382705236547,3.920746484093922
WHO 90-70-90 by 2030,2078.5,4.0626414629623815,3.760805815880449,4.267993240031237
WHO 90-70-90 by 2030,2079.5,4.024023854454555,3.88602838697519,4.084657907442168
WHO 90-70-90 by 2030,2080.5,4.172906179165217,3.7356691186048048,4.407391968858816
WHO 90-70-90 by 2030,2081.5,4.111251283849073,3.612694655879479,4.350141218941138
WHO 90-70-90 by 2030,2082.5,4.5487328998633885,3.9589733924388812,4.611053230913586
WHO 90-70-90 by 2030,2083.5,4.278883743318606,3.771298161641038,4.315571224348367
WHO 90-70-90 by 2030,2084.5,4.476331145187997,3.979231463290705,4.623514288300403
WHO 90-70-90 by 2030,2085.5,4.413121305219522,4.23177169825819,4.66214104550004
WHO 90-70-90 by 2030,2086.5,4.632282979253493,4.439383413458345,4.764167246569721
WHO 90-70-90 by 2030,2087.5,4.620395115357667,4.294066562870426,4.886738284861492
WHO 90-70-90 by 2030,2088.5,4.411699642202942,4.241727293230649,4.657890705191917
WHO 90-70-90 by 2030,2089.5,4.808778313750739,4.510561295432916,4.909735752662785
WHO 90-70-90 by 2030,2090.5,4.777639665828627,4.518442241039782,4.962098708083415
WHO 90-70-90 by 2030,2091.5,4.906421428973358,4.774178724112691,4.927508063944239
WHO 90-70-90 by 2030,2092.5,5.089553555943187,4.8132106395737075,5.113381557810901
WHO 90-70-90 by 2030,2093.5,5.234639781354195,4.978882131650362,5.492556452545894
WHO 90-70-90 by 2030,2094.5,5.105269489868617,4.965130284371247,5.471025551366754
WHO 90-70-90 by 2030,2095.5,5.488061818269416,5.250954416255552,5.64960068764939
WHO 90-70-90 by 2030,2096.5,5.501413812692801,5.299086106976165,5.622500766743222
WHO 90-70-90 by 2030,2097.5,5.361186839734358,5.174512219744214,5.6711362718916165
WHO 90-70-90 by 2030,2098.5,5.6777169813296835,5.565043172014286,5.999451150971385
WHO 90-70-90 by 2030,2099.5,5.265171887760561,5.1484307174508155,5.874844958063973
WHO 90-70-90 by 2030,2100.5,5.621758779998232,5.445837104474848,6.226512075308268
